612205054,FirstName54,MiddleName54,LastName54,2022,xyzEmail.elec@coeptech.ac.in,9423423476,address54
612205023,FirstName23,MiddleName23,LastName23,2022,xyzEmail.elec@coeptech.ac.in,9423423445,address23
612205053,FirstName53,MiddleName53,LastName53,2022,xyzEmail.elec@coeptech.ac.in,9423423475,address53
612205050,FirstName50,MiddleName50,LastName50,2022,xyzEmail.elec@coeptech.ac.in,9423423472,address50
612205022,FirstName22,MiddleName22,LastName22,2022,xyzEmail.elec@coeptech.ac.in,9423423444,address22
612205049,FirstName49,MiddleName49,LastName49,2022,xyzEmail.elec@coeptech.ac.in,9423423471,address49
612205026,FirstName26,MiddleName26,LastName26,2022,xyzEmail.elec@coeptech.ac.in,9423423448,address26
612205048,FirstName48,MiddleName48,LastName48,2022,xyzEmail.elec@coeptech.ac.in,9423423470,address48
612205058,FirstName58,MiddleName58,LastName58,2022,xyzEmail.elec@coeptech.ac.in,9423423480,address58
612205056,FirstName56,MiddleName56,LastName56,2022,xyzEmail.elec@coeptech.ac.in,9423423478,address56
612205046,FirstName46,MiddleName46,LastName46,2022,xyzEmail.elec@coeptech.ac.in,9423423468,address46
612205037,FirstName37,MiddleName37,LastName37,2022,xyzEmail.elec@coeptech.ac.in,9423423459,address37
612205051,FirstName51,MiddleName51,LastName51,2022,xyzEmail.elec@coeptech.ac.in,9423423473,address51
612205042,FirstName42,MiddleName42,LastName42,2022,xyzEmail.elec@coeptech.ac.in,9423423464,address42
612205061,FirstName61,MiddleName61,LastName61,2022,xyzEmail.elec@coeptech.ac.in,9423423483,address61
612205041,FirstName41,MiddleName41,LastName41,2022,xyzEmail.elec@coeptech.ac.in,9423423463,address41
612205077,FirstName77,MiddleName77,LastName77,2022,xyzEmail.elec@coeptech.ac.in,9423423499,address77
612205039,FirstName39,MiddleName39,LastName39,2022,xyzEmail.elec@coeptech.ac.in,9423423461,address39
612205052,FirstName52,MiddleName52,LastName52,2022,xyzEmail.elec@coeptech.ac.in,9423423474,address52
612205038,FirstName38,MiddleName38,LastName38,2022,xyzEmail.elec@coeptech.ac.in,9423423460,address38
612205036,FirstName36,MiddleName36,LastName36,2022,xyzEmail.elec@coeptech.ac.in,9423423458,address36
612205017,FirstName17,MiddleName17,LastName17,2022,xyzEmail.elec@coeptech.ac.in,9423423439,address17
612205034,FirstName34,MiddleName34,LastName34,2022,xyzEmail.elec@coeptech.ac.in,9423423456,address34
612205030,FirstName30,MiddleName30,LastName30,2022,xyzEmail.elec@coeptech.ac.in,9423423452,address30
612205043,FirstName43,MiddleName43,LastName43,2022,xyzEmail.elec@coeptech.ac.in,9423423465,address43
612205013,FirstName13,MiddleName13,LastName13,2022,xyzEmail.elec@coeptech.ac.in,9423423435,address13
612205060,FirstName60,MiddleName60,LastName60,2022,xyzEmail.elec@coeptech.ac.in,9423423482,address60
612205068,FirstName68,MiddleName68,LastName68,2022,xyzEmail.elec@coeptech.ac.in,9423423490,address68
612205012,FirstName12,MiddleName12,LastName12,2022,xyzEmail.elec@coeptech.ac.in,9423423434,address12
612205045,FirstName45,MiddleName45,LastName45,2022,xyzEmail.elec@coeptech.ac.in,9423423467,address45
612205032,FirstName32,MiddleName32,LastName32,2022,xyzEmail.elec@coeptech.ac.in,9423423454,address32
612205004,FirstName4,MiddleName4,LastName4,2022,xyzEmail.elec@coeptech.ac.in,9423423426,address4
612205044,FirstName44,MiddleName44,LastName44,2022,xyzEmail.elec@coeptech.ac.in,9423423466,address44
612205088,FirstName88,MiddleName88,LastName88,2022,xyzEmail.elec@coeptech.ac.in,9423423510,address88
612205001,FirstName1,MiddleName1,LastName1,2022,xyzEmail.elec@coeptech.ac.in,9423423423,address1
612205024,FirstName24,MiddleName24,LastName24,2022,xyzEmail.elec@coeptech.ac.in,9423423446,address24
612205021,FirstName21,MiddleName21,LastName21,2022,xyzEmail.elec@coeptech.ac.in,9423423443,address21
612205029,FirstName29,MiddleName29,LastName29,2022,xyzEmail.elec@coeptech.ac.in,9423423451,address29
612205014,FirstName14,MiddleName14,LastName14,2022,xyzEmail.elec@coeptech.ac.in,9423423436,address14
612205085,FirstName85,MiddleName85,LastName85,2022,xyzEmail.elec@coeptech.ac.in,9423423507,address85
612205019,FirstName19,MiddleName19,LastName19,2022,xyzEmail.elec@coeptech.ac.in,9423423441,address19
612205062,FirstName62,MiddleName62,LastName62,2022,xyzEmail.elec@coeptech.ac.in,9423423484,address62
612205015,FirstName15,MiddleName15,LastName15,2022,xyzEmail.elec@coeptech.ac.in,9423423437,address15
612205064,FirstName64,MiddleName64,LastName64,2022,xyzEmail.elec@coeptech.ac.in,9423423486,address64
612205084,FirstName84,MiddleName84,LastName84,2022,xyzEmail.elec@coeptech.ac.in,9423423506,address84
612205063,FirstName63,MiddleName63,LastName63,2022,xyzEmail.elec@coeptech.ac.in,9423423485,address63
612205071,FirstName71,MiddleName71,LastName71,2022,xyzEmail.elec@coeptech.ac.in,9423423493,address71
612205087,FirstName87,MiddleName87,LastName87,2022,xyzEmail.elec@coeptech.ac.in,9423423509,address87
612205035,FirstName35,MiddleName35,LastName35,2022,xyzEmail.elec@coeptech.ac.in,9423423457,address35
612205070,FirstName70,MiddleName70,LastName70,2022,xyzEmail.elec@coeptech.ac.in,9423423492,address70
612205079,FirstName79,MiddleName79,LastName79,2022,xyzEmail.elec@coeptech.ac.in,9423423501,address79
612205006,FirstName6,MiddleName6,LastName6,2022,xyzEmail.elec@coeptech.ac.in,9423423428,address6
612205020,FirstName20,MiddleName20,LastName20,2022,xyzEmail.elec@coeptech.ac.in,9423423442,address20
612205076,FirstName76,MiddleName76,LastName76,2022,xyzEmail.elec@coeptech.ac.in,9423423498,address76
612205075,FirstName75,MiddleName75,LastName75,2022,xyzEmail.elec@coeptech.ac.in,9423423497,address75
612205080,FirstName80,MiddleName80,LastName80,2022,xyzEmail.elec@coeptech.ac.in,9423423502,address80
612205002,FirstName2,MiddleName2,LastName2,2022,xyzEmail.elec@coeptech.ac.in,9423423424,address2
612205010,FirstName10,MiddleName10,LastName10,2022,xyzEmail.elec@coeptech.ac.in,9423423432,address10
612205074,FirstName74,MiddleName74,LastName74,2022,xyzEmail.elec@coeptech.ac.in,9423423496,address74
612205078,FirstName78,MiddleName78,LastName78,2022,xyzEmail.elec@coeptech.ac.in,9423423500,address78
612205072,FirstName72,MiddleName72,LastName72,2022,xyzEmail.elec@coeptech.ac.in,9423423494,address72
612205081,FirstName81,MiddleName81,LastName81,2022,xyzEmail.elec@coeptech.ac.in,9423423503,address81
612205007,FirstName7,MiddleName7,LastName7,2022,xyzEmail.elec@coeptech.ac.in,9423423429,address7
612205018,FirstName18,MiddleName18,LastName18,2022,xyzEmail.elec@coeptech.ac.in,9423423440,address18
612205057,FirstName57,MiddleName57,LastName57,2022,xyzEmail.elec@coeptech.ac.in,9423423479,address57
612205005,FirstName5,MiddleName5,LastName5,2022,xyzEmail.elec@coeptech.ac.in,9423423427,address5
612205047,FirstName47,MiddleName47,LastName47,2022,xyzEmail.elec@coeptech.ac.in,9423423469,address47
612205073,FirstName73,MiddleName73,LastName73,2022,xyzEmail.elec@coeptech.ac.in,9423423495,address73
612205016,FirstName16,MiddleName16,LastName16,2022,xyzEmail.elec@coeptech.ac.in,9423423438,address16
612205083,FirstName83,MiddleName83,LastName83,2022,xyzEmail.elec@coeptech.ac.in,9423423505,address83
612205059,FirstName59,MiddleName59,LastName59,2022,xyzEmail.elec@coeptech.ac.in,9423423481,address59
612205055,FirstName55,MiddleName55,LastName55,2022,xyzEmail.elec@coeptech.ac.in,9423423477,address55
612205066,FirstName66,MiddleName66,LastName66,2022,xyzEmail.elec@coeptech.ac.in,9423423488,address66
612205025,FirstName25,MiddleName25,LastName25,2022,xyzEmail.elec@coeptech.ac.in,9423423447,address25
612205069,FirstName69,MiddleName69,LastName69,2022,xyzEmail.elec@coeptech.ac.in,9423423491,address69
612205008,FirstName8,MiddleName8,LastName8,2022,xyzEmail.elec@coeptech.ac.in,9423423430,address8
612205040,FirstName40,MiddleName40,LastName40,2022,xyzEmail.elec@coeptech.ac.in,9423423462,address40
612205028,FirstName28,MiddleName28,LastName28,2022,xyzEmail.elec@coeptech.ac.in,9423423450,address28
612205027,FirstName27,MiddleName27,LastName27,2022,xyzEmail.elec@coeptech.ac.in,9423423449,address27
612205067,FirstName67,MiddleName67,LastName67,2022,xyzEmail.elec@coeptech.ac.in,9423423489,address67
612205003,FirstName3,MiddleName3,LastName3,2022,xyzEmail.elec@coeptech.ac.in,9423423425,address3
612205086,FirstName86,MiddleName86,LastName86,2022,xyzEmail.elec@coeptech.ac.in,9423423508,address86
612205011,FirstName11,MiddleName11,LastName11,2022,xyzEmail.elec@coeptech.ac.in,9423423433,address11
612205031,FirstName31,MiddleName31,LastName31,2022,xyzEmail.elec@coeptech.ac.in,9423423453,address31
612205082,FirstName82,MiddleName82,LastName82,2022,xyzEmail.elec@coeptech.ac.in,9423423504,address82
612205065,FirstName65,MiddleName65,LastName65,2022,xyzEmail.elec@coeptech.ac.in,9423423487,address65
612205009,FirstName9,MiddleName9,LastName9,2022,xyzEmail.elec@coeptech.ac.in,9423423431,address9
612205033,FirstName33,MiddleName33,LastName33,2022,xyzEmail.elec@coeptech.ac.in,9423423455,address33
